Workbook
Name StatusConditions: Readme!$A$31:$C$131

Sheet Readme
A1: Michael Reilly's D&D Combat Encounter Tracker version 1.0
A3: setup encounter with all monsters
A4: set total hp
A5: as damage hits, add from column H right
A6: will change color in column F as HP lowers based on tables below
A8: Duplicate sheet 'Combat Encounter Template' as needed
A18: DO NOT CHANGE BELOW HERE OR WILL MESS UP
A21: Conditions
A22: Name | B22: Min Percent | C22: Max Percent
A23: Unharmed / Fresh | B23: 90 | C23: 100 | D23: 100% to 90% | E23: Barely scratched
A24: Lightly Wounded | B24: 75 | C24: 89 | D24: 89% to 75% | E24: Minor cuts, singed fur, dented armor
A25: Wounded | B25: 50 | C25: 74 | D25: 74% to 50% | E25: Breathing harder, visible injuries
A26: Bloodied | B26: 25 | C26: 49 | D26: 49% to 25% | E26: Serious injuries, blood loss, staggered
A27: Badly Bloodied / Reeling | B27: 10 | C27: 24 | D27: 24% to 10% | E27: Limping, cracked scales, struggling
A28: Near Death / On Death’s Door | B28: 1 | C28: 8 | D28: 9% to 1% | E28: One good hit away from collapse
A29: Dead as a Dodo | B29: 0 | C29: 0 | D29: 0 | E29: Worm food
A31: 0 | B31: Dead as a Dodo | C31: Worm Food
A32: 1 | B32: Near Death / On Death’s Door | C32: One good hit away from collapse
A33: 2 | B33: Near Death / On Death’s Door | C33: One good hit away from collapse
A34: 3 | B34: Near Death / On Death’s Door | C34: One good hit away from collapse
A35: 4 | B35: Near Death / On Death’s Door | C35: One good hit away from collapse
A36: 5 | B36: Near Death / On Death’s Door | C36: One good hit away from collapse
A37: 6 | B37: Near Death / On Death’s Door | C37: One good hit away from collapse
A38: 7 | B38: Near Death / On Death’s Door | C38: One good hit away from collapse
A39: 8 | B39: Near Death / On Death’s Door | C39: One good hit away from collapse
A40: 9 | B40: Near Death / On Death’s Door | C40: One good hit away from collapse
A41: 10 | B41: Badly Bloodied / Reeling | C41: Limping, cracked scales, struggling
A42: 11 | B42: Badly Bloodied / Reeling | C42: Limping, cracked scales, struggling
... A131: 100 | B131: Unharmed / Fresh | C131: Barely scratched

Sheet Combat Encounter Template
A1: Monster | B1: Total HP | C1: Current HP | D1: Damage | E1: Percentage Left | F1: Status | G1: Sum Damage | H1: Put hits from here right
B2: 120 | C2: =B2-G2 -> 120 | D2: =B2-C2 -> 0 | E2: =(C2/B2)*100 -> 100 | F2: =VLOOKUP(E2,Readme!$A$31:$C$131,2) -> Unharmed / Fresh | G2: =SUM(H2:FY2) -> 0
B3: 120 | C3: =B3-G3 -> 120 | D3: =B3-C3 -> 0 | E3: =(C3/B3)*100 -> 100 | F3: =VLOOKUP(E3,Readme!$A$31:$C$131,2) -> Unharmed / Fresh | G3: =SUM(H3:FY3) -> 0
B4: 120 | C4: =B4-G4 -> 120 | D4: =B4-C4 -> 0 | E4: =(C4/B4)*100 -> 100 | F4: =VLOOKUP(E4,Readme!$A$31:$C$131,2) -> Unharmed / Fresh | G4: =SUM(H4:FY4) -> 0
B5: 120 | C5: =B5-G5 -> 120 | D5: =B5-C5 -> 0 | E5: =(C5/B5)*100 -> 100 | F5: =VLOOKUP(E5,Readme!$A$31:$C$131,2) -> Unharmed / Fresh | G5: =SUM(H5:FY5) -> 0
B6: 120 | C6: =B6-G6 -> 120 | D6: =B6-C6 -> 0 | E6: =(C6/B6)*100 -> 100 | F6: =VLOOKUP(E6,Readme!$A$31:$C$131,2) -> Unharmed / Fresh | G6: =SUM(H6:FY6) -> 0
B7: 120 | C7: =B7-G7 -> 120 | D7: =B7-C7 -> 0 | E7: =(C7/B7)*100 -> 100 | F7: =VLOOKUP(E7,Readme!$A$31:$C$131,2) -> Unharmed / Fresh | G7: =SUM(H7:FY7) -> 0
B8: 120 | C8: =B8-G8 -> 120 | D8: =B8-C8 -> 0 | E8: =(C8/B8)*100 -> 100 | F8: =VLOOKUP(E8,Readme!$A$31:$C$131,2) -> Unharmed / Fresh | G8: =SUM(H8:FY8) -> 0
B9: 120 | C9: =B9-G9 -> 120 | D9: =B9-C9 -> 0 | E9: =(C9/B9)*100 -> 100 | F9: =VLOOKUP(E9,Readme!$A$31:$C$131,2) -> Unharmed / Fresh | G9: =SUM(H9:FY9) -> 0
B10: 120 | C10: =B10-G10 -> 120 | D10: =B10-C10 -> 0 | E10: =(C10/B10)*100 -> 100 | F10: =VLOOKUP(E10,Readme!$A$31:$C$131,2) -> Unharmed / Fresh | G10: =SUM(H10:FY10) -> 0
B11: 120 | C11: =B11-G11 -> 120 | D11: =B11-C11 -> 0 | E11: =(C11/B11)*100 -> 100 | F11: =VLOOKUP(E11,Readme!$A$31:$C$131,2) -> Unharmed / Fresh | G11: =SUM(H11:FY11) -> 0
B12: 120 | C12: =B12-G12 -> 120 | D12: =B12-C12 -> 0 | E12: =(C12/B12)*100 -> 100 | F12: =VLOOKUP(E12,Readme!$A$31:$C$131,2) -> Unharmed / Fresh | G12: =SUM(H12:FY12) -> 0
B13: 120 | C13: =B13-G13 -> 120 | D13: =B13-C13 -> 0 | E13: =(C13/B13)*100 -> 100 | F13: =VLOOKUP(E13,Readme!$A$31:$C$131,2) -> Unharmed / Fresh | G13: =SUM(H13:FY13) -> 0
... B501: 120 | C501: =B501-G501 -> 120 | D501: =B501-C501 -> 0 | E501: =(C501/B501)*100 -> 100 | F501: =VLOOKUP(E501,Readme!$A$31:$C$131,2) -> Unharmed / Fresh | G501: =SUM(H501:FY501) -> 0
